{"theta": [-2.516759710820513, -1.901222739800844, -1.8417350377917323, -1.5471446781284823, -1.5301357655053935, -1.344214547285082, -1.289537739784976, -1.2674464814437032, -1.2250558264176934, -1.1992889021052233, -0.9916465549964624, -0.9785190780566395, -0.9304680447082047, -0.8905918387572742, -0.8088372394255993, -0.8075346753318965, -0.6756622510056528, -0.6414703941072214, -0.6204748998199404, -0.583600432743302, -0.5386928958466366, -0.49220651855132963, -0.47775327603393064, -0.45761576104021817, -0.45467078517172255, -0.2741378553622176, -0.23509113107468127, -0.1887821253507493, -0.18693094462995438, -0.11170194958415963, -0.06651732014941557, -0.048500945401071985, -0.0325217049455206, -0.02925182246327349, 0.0012301533574825742, 0.060143602597438485, 0.06378177425506196, 0.07451622877146342, 0.0761402303770081, 0.10541424899789856, 0.11046414324948059, 0.11330898600330756, 0.11935402569658124, 0.15675108662422516, 0.2712643588217015, 0.2987455375084699, 0.35688700816006075, 0.4898420501851982, 0.5766895836701853, 0.6672475608343279, 0.682910267195206, 0.6953031944582878, 0.7622597120847118, 0.8593826880215982, 0.8843898673831739, 1.0608986233860787, 1.3402152455545335, 1.3588234217415376, 1.438522591656152, 2.000416546342423], "a": [0.8382339162583519, 0.8161277432785867, 1.2866385427175957, 0.8862581174865068, 0.9412208599153774, 1.0089282439914966, 1.6009598059365995, 1.3128553081943592, 1.1653717176752136, 0.7981740820895105, 0.5753438091005044, 1.462009665849825, 1.4719364601092233, 0.9452712462087723, 1.242037947567315, 1.3669434945993488, 1.3944133386743267, 1.4456418203712207, 0.8333954160870307, 1.8330645671110049, 0.6073577890231231, 1.4115511848624926, 1.2184418028191368, 1.4182839365547655, 2.1203969735704664, 1.8108171171600653, 0.6325027169125781, 0.5089178694620233, 1.3864626170640266, 0.6663068583033575, 0.9950501356957834, 1.3991864923000887, 0.518135265514572, 0.4299904921905331, 1.109289375588597, 1.0179129013221275, 0.9063577090112352, 1.015533312469946, 0.7087827315347569, 0.5458572616802708, 0.9355114065423302, 0.6779488228452935, 0.5182007679158036, 1.2241814646780587, 0.975739678134488, 1.1765793993320406, 0.6731965263609908, 0.768570089834113, 0.6705766863672012, 0.701414164532244, 1.0812990767112027, 0.7311111004844223, 1.1530683452256252, 1.1455700463231513, 2.2480527448146668, 0.5728590272108631, 1.4264102181488882, 0.9648378867551818, 0.994403825198888, 0.5599288657528789, 0.8318713104286813, 1.3461907069214933, 0.9675469299881283, 1.0329530595084382, 0.8902199853569167, 1.586972159900332, 0.9914477534957445, 0.41471395187771254, 0.7581841202056987, 0.4549723446660785, 0.2723750325539181, 0.8089273728701164, 1.7047593209548777, 1.0190267065176342, 0.6256161449355495, 0.6864101474882257, 1.5718374606057648, 1.0650807835245517, 1.019385196075912, 0.978842316277275, 1.0154786773477469, 1.3801086925398351, 1.2473570076436118, 1.0901135662237085, 0.6589238249542967, 1.2268421446235234, 0.7605610980474009, 1.548889574061776, 0.6014449140715323, 0.9464393481623907, 0.9970610127870836, 0.588688427855499, 1.9913019231190143, 1.7934886811022959, 0.8307440743676154, 1.3616381081619116, 1.1635438928274167, 0.3515428091178955, 1.1053468824885815, 0.9757609684557996, 1.033847150222425, 0.6500214166578467, 0.897862070781988, 0.9311792313539902, 1.6083964467973269, 1.143130811654743, 0.9977804547603233, 1.8433563240798, 0.8008359399702647, 0.855754175746448, 0.48350094744488314, 1.8731890234289414, 1.4706918661008919, 1.4430215557136852, 1.306771221750348, 1.0450444653288626, 1.0900194887549717, 0.9041114542347021, 0.92178785850512, 1.0219590726873677], "b": [0.24376633246753082, -0.5559690918460981, 0.152722093470997, -1.4246334334201678, -0.6951619158032079, -0.23543516736539602, 1.0785166465204892, 1.3742664089449583, -1.588233350981106, -0.9535708391844594, 0.7762841070881061, -2.390903741009393, -0.5558038379428403, -0.11674431080410683, 1.5084179727441838, 0.8272846806849067, -0.3926561042666374, -0.4422910729199509, -0.3002344806215099, 1.828235280547392, -0.5136299310874406, -0.36441646603767525, 0.4231068807423184, -0.14492453410374614, -0.23674107355886706, -1.3368805717812675, -0.013825761646257808, -0.5322974675693031, 1.3993533314282671, 0.7837062032413965, -0.028972335611918677, 0.8020572279208126, -0.4078434620557793, 1.2625516301123363, -0.006479472805951926, 0.7000588250164966, -1.5490718943881845, 0.4160160586541157, -2.02584494083985, -2.4423947339279186, -0.36537225325372463, -1.0799131291183142, 0.19686335485466708, 2.693707951783259, -0.9980678176944979, -0.7487323037326871, 0.24648473527763864, 0.5916159496948276, -0.21168727908690982, -0.24711639630385976, 0.8429555461446531, 0.6238891644406781, -1.2404109984884264, -0.0950175823390102, 0.04234421839376896, -1.2653815464589324, 0.311806920809236, -1.0295477726118527, 1.1664800495004513, 0.23129509512608687, 0.10716778292286035, -0.7092340234275287, -0.14233178865323284, -2.3972955514884657, -1.3576889646276702, 0.43540775902650514, -2.5542804501865737, 1.0159302257773961, -2.0953157704486904, 0.9080862031971211, -1.014596439455189, 0.9347893012109534, 0.15714144910175976, -1.8442019283497864, 1.4989784994701456, 1.7300485866271338, -0.07896588720024851, -0.3286995266067844, -0.1918403591647636, -1.1701827873344954, 1.3183041117083012, -0.6514703180762241, -0.061428495230011884, -0.9519556838436523, -0.7512877196642366, -1.5332701819814045, 1.5084831764572713, -0.18490508784721582, 1.1591059424745707, 0.01598951629591171, -0.833284233243473, -0.3920223120027026, -0.6722772606034795, 0.009550919021896389, -0.4503202076123468, -0.359906059130158, -1.6542896209630964, -0.9682151131453446, 1.984869058560516, -0.8054798595020607, -1.2649125451481913, 0.40479159909003704, 1.6887266394678384, -1.7448291629774497, -0.2502262179015248, -0.7584630647218893, -2.1132233691928834, 0.8819120511100699, -0.02813270226581358, 0.08573021315112642, -0.9027737669347069, 0.5457409955962998, -0.6471568193847852, -0.1714838501961128, -1.3299129506178156, -1.4593233122498344, 1.6026382263600272, -0.6085256454461703, 0.3500164276269623, -0.04054852172084678]}