{
  "note": "Illustrative fixtures. Numbers demonstrate the method, not a finding.",
  "reconcile": {
    "n": 24,
    "strict_acc": 0.5416666666666666,
    "flexible_acc": 0.875,
    "delta": 0.33333333333333337,
    "recovered": 10,
    "fooled": 2,
    "paired_p_value": 0.03857421875
  },
  "clustering": {
    "accuracy": 0.5625,
    "naive_se": 0.07236046734262122,
    "cr2_se": 0.1789727632909544,
    "bootstrap_se": 0.16513959475687578,
    "inflation": 2.4733500191967,
    "n_clusters": 6
  },
  "mde_n200_p0.7_pts": 9.078173671541288,
  "required_n_2pt": {
    "unpaired": 4906,
    "paired_10pct": 1963
  },
  "gate": {
    "delta_pts": 2.0000000000000018,
    "mde_pts": 5.603170436225937,
    "verdict": "underpowered: delta below the noise floor",
    "p_value": 0.10247043485974941,
    "items_needed": 1570
  },
  "irt": {
    "n_models": 60,
    "n_items": 120,
    "recover_theta_r": 0.9687047015741738,
    "recover_b_r": 0.9069770577116439,
    "raw_vs_theta_r": 0.9930887141845645,
    "fast_subset_rmse_k20": {
      "fisher": 0.1735787668533702,
      "random": 0.30073059179045225
    }
  }
}